Term,Index
aa,0
aaa,1
aardvark,2
aaron,3
aarp,4
ab,5
aba,6
abacus,7
abaddon,8
abandon,9
abandoned,10
abandonment,11
abarat,12
abba,13
abbey,14
abbie,15
abbot,16
abbott,17
abbreviations,18
abby,19
abc,20
abcs,21
abdication,22
abducted,23
abduction,24
abductions,25
abdul,26
abe,27
abel,28
abelard,29
abercrombie,30
aberdeen,31
abernathy,32
aberration,33
abhorsen,34
abide,35
abides,36
abiding,37
abigail,38
abilities,39
ability,40
ablaze,41
able,42
abner,43
abnormal,44
aboard,45
abolition,46
abolitionist,47
abominable,48
abomination,49
aboriginal,50
abortion,51
abracadabra,52
abraham,53
abrahams,54
abram,55
abrams,56
abridged,57
abridgement,58
abroad,59
abs,60
absalom,61
absence,62
absent,63
absinthe,64
absolute,65
absolutely,66
absolution,67
absorbing,68
absorption,69
abstract,70
abstraction,71
abstracts,72
absurd,73
absurdity,74
abu,75
abuela,76
abundance,77
abundant,78
abundantly,79
abuse,80
abused,81
abuses,82
abusive,83
abyss,84
ac,85
acacia,86
academia,87
academic,88
academics,89
academy,90
acadia,91
acadian,92
accelerate,93
accelerated,94
accelerating,95
acceleration,96
accent,97
accents,98
accept,99
