item,sum
3030,4513.0
494,11911.0
788,15904.0
802,12964.0
231,28465.0
222,6274.0
289,3060.0
458,1058.0
1060,11434.0
1717,5870.0
3608,5553.0
34,34476.0
3360,5454.0
171,1489.0
319,8131.0
1224,5565.0
2529,13533.0
1408,13859.0
2722,5958.0
4344,5536.0
8873,4908.0
8983,4841.0
32031,1855.0
58295,2260.0
70286,9826.0
93510,1529.0
3968,3462.0
4054,2901.0
4844,2530.0
2336,10270.0
4166,749.0
1005,1564.0
179,1016.0
1130,1803.0
1970,1933.0
2114,3692.0
2134,5661.0
549,1733.0
1468,963.0
93,1545.0
287,327.0
580,533.0
599,3850.0
996,2978.0
1807,197.0
2013,4861.0
2099,1395.0
2327,606.0
2463,3312.0
2661,560.0
2875,1929.0
2998,93.0
3113,4134.0
3282,165.0
3789,771.0
3879,1215.0
4332,376.0
4499,4512.0
4522,123.0
4562,405.0
4597,270.0
4653,90.0
5208,138.0
5580,116.0
5843,674.0
45662,496.0
3248,1928.0
5872,5119.0
8666,970.0
2458,659.0
801,1398.0
6856,605.0
39292,4550.0
46322,1523.0
49526,180.0
81546,24.0
1713,1965.0
2624,943.0
5107,1056.0
27604,361.0
31437,643.0
31892,35.0
31952,555.0
41721,143.0
44849,295.0
71462,871.0
59256,212.0
101741,303.0
56941,1271.0
69134,986.0
1866,1565.0
4293,506.0
2839,203.0
80432,37.0
96514,16.0
99904,2.0
100344,146.0
104638,5.0
2877,1496.0
8378,230.0
1341,360.0
6222,317.0
40962,202.0
47830,170.0
59501,1728.0
92507,554.0
99962,8.0
4634,220.0
6827,202.0
2609,609.0
67734,1785.0
6430,190.0
97870,274.0
111364,592.0
55255,180.0
705,449.0
3436,700.0
86347,942.0
94405,218.0
95449,324.0
4909,308.0
6473,66.0
26283,176.0
561,253.0
1822,95.0
3692,211.0
4120,41.0
4199,127.0
4284,141.0
30818,311.0
55036,11.0
78041,341.0
5688,151.0
6772,504.0
27193,401.0
114060,142.0
2962,479.0
5134,345.0
32632,97.0
7091,1093.0
4972,170.0
7209,708.0
26502,225.0
773,57.0
929,1120.0
48049,34.0
97024,259.0
110127,346.0
54290,103.0
1757,656.0
6792,106.0
3012,108.0
8125,605.0
34659,12.0
92391,102.0
27156,535.0
62586,60.0
1383,105.0
57848,26.0
32627,69.0
52712,302.0
4760,39.0
7579,617.0
56945,85.0
1070,70.0
5143,65.0
74791,158.0
495,732.0
5117,201.0
5743,200.0
26391,185.0
62439,232.0
32302,286.0
5287,229.0
58365,59.0
8680,76.0
7759,269.0
66854,24.0
4766,154.0
67073,129.0
6682,103.0
7474,117.0
95604,22.0
8123,95.0
88272,61.0
93570,24.0
27644,59.0
73681,124.0
90378,111.0
4829,92.0
7331,79.0
27830,94.0
58494,127.0
82904,46.0
5795,70.0
68173,67.0
36086,62.0
5583,55.0
81804,169.0
32076,90.0
65927,29.0
1780,136.0
60096,20.0
118272,7.0
44900,90.0
96909,23.0
105554,7.0
63119,23.0
6839,127.0
48001,59.0
108410,9.0
36289,189.0
7109,60.0
3492,102.0
4319,84.0
4363,74.0
6171,23.0
6514,6.0
7289,53.0
7565,28.0
8335,152.0
8693,28.0
8821,29.0
8922,63.0
27334,46.0
51638,105.0
55369,38.0
57476,32.0
58418,108.0
72310,16.0
113122,4.0
4817,80.0
31600,11.0
4108,105.0
4647,34.0
26338,24.0
55360,52.0
70507,18.0
71677,21.0
72552,20.0
76085,23.0
88398,7.0
90413,29.0
96467,129.0
124537,4.0
80775,125.0
88414,4.0
53906,115.0
84181,4.0
69446,11.0
83437,13.0
79936,20.0
83616,18.0
4114,40.0
100553,43.0
72159,18.0
87685,11.0
88075,6.0
99861,43.0
117851,73.0
55154,40.0
55751,7.0
60618,9.0
70869,17.0
74086,3.0
78422,11.0
127321,14.0
73488,84.0
63458,41.0
92210,57.0
60213,48.0
119705,2.0
33117,20.0
46525,17.0
49615,78.0
76089,26.0
84836,4.0
50886,63.0
108501,83.0
38164,48.0
26379,87.0
41025,137.0
65259,47.0
104089,36.0
43838,60.0
62153,38.0
103784,15.0
118688,9.0
32013,42.0
104392,4.0
7127,68.0
62245,77.0
114599,3.0
51060,37.0
94739,34.0
95816,52.0
95157,11.0
66586,4.0
7363,7.0
97742,76.0
50594,100.0
34666,35.0
73981,53.0
98219,6.0
81411,17.0
33132,18.0
77326,18.0
78130,11.0
85783,12.0
117893,16.0
121253,15.0
121366,9.0
126749,11.0
77672,34.0
54254,27.0
107306,9.0
101765,34.0
82857,28.0
85273,15.0
97010,3.0
96629,16.0
106475,4.0
113800,3.0
115111,11.0
31000,61.0
70543,27.0
74263,26.0
110056,3.0
110409,7.0
128445,8.0
93574,24.0
100085,14.0
79003,12.0
51187,87.0
100060,4.0
120763,1.0
107539,14.0
126939,4.0
126957,4.0
97775,10.0
120610,7.0
3321,15.0
79228,13.0
124825,1.0
125359,4.0
96239,17.0
83248,16.0
89623,10.0
89516,8.0
109526,3.0
113843,4.0
72931,9.0
101812,11.0
130083,4.0
115502,13.0
69483,37.0
78885,3.0
93212,72.0
67098,56.0
76121,9.0
103003,4.0
85360,16.0
75808,13.0
25775,44.0
130502,4.0
101158,12.0
5702,8.0
127270,3.0
7878,31.0
88378,6.0
105450,1.0
107402,6.0
129227,4.0
69811,3.0
86453,11.0
93168,11.0
110267,9.0
110503,16.0
97906,4.0
128616,11.0
25948,26.0
87076,10.0
33142,7.0
79461,10.0
103838,11.0
110063,3.0
98922,19.0
99240,4.0
100103,1.0
92481,13.0
107075,5.0
119629,6.0
121457,4.0
52942,13.0
84450,14.0
86438,4.0
87994,14.0
91560,7.0
115524,4.0
108237,2.0
110850,7.0
107836,4.0
3458,11.0
99497,2.0
106208,2.0
112277,4.0
105310,2.0
106431,11.0
108588,2.0
108590,2.0
108685,2.0
128099,6.0
129391,3.0
73060,9.0
97886,7.0
101710,10.0
101719,11.0
70421,7.0
80655,6.0
89114,9.0
121211,1.0
114842,1.0
87880,11.0
8668,7.0
25894,28.0
33767,11.0
79925,7.0
101446,3.0
109032,3.0
93752,15.0
116441,4.0
130784,4.0
91589,6.0
117504,4.0
91446,11.0
101717,10.0
108425,2.0
43631,7.0
110320,3.0
131148,4.0
131154,4.0
72657,3.0
30764,9.0
114238,4.0
111716,3.0
117624,3.0
126124,2.0
129405,5.0
126586,4.0
130298,4.0
72022,6.0
70537,14.0
98989,5.0
106634,6.0
110116,3.0
27657,3.0
105096,8.0
111882,4.0
102852,3.0
114172,4.0
52173,7.0
66539,5.0
103653,6.0
104817,3.0
108674,3.0
111261,6.0
129739,5.0
102028,4.0
121300,4.0
117750,2.0
112948,4.0
117907,5.0
125992,3.0
111850,3.0
129771,4.0
93544,1.0
108503,2.0
112249,4.0
116600,4.0
112383,3.0
120524,2.0
120903,4.0
122855,2.0
125652,3.0
128399,3.0
72822,13.0
90260,4.0
31152,8.0
99347,2.0
89829,4.0
94786,4.0
97847,1.0
114698,5.0
118292,1.0
119133,3.0
107951,4.0
117859,1.0
91745,4.0
95517,5.0
120833,3.0
